{

// -------------------------------------------------
#pragma mark recorder block

AudioRecorderBlock: {
	+: OutputTemplate,
	geNodeClass: GEAudioRecorderNode,
	geActiveStateText: "Recording",
	recorderBlock: true,		// flag for code to identify block type easily
	gxTitle: "Recorder",
	gxPopoverInfo: "RecorderPopover",
	gxFlippedPopoverInfo: "RecorderPopoverFlipside",
	gxDescription: "Record audio to files",
	gxLibraryIcon: "library.output.recorder",
	gxNodeInitialProperties: { "formatPreset": "MP3_256" },
	gxChildViews: {
		time: {
			+: LabelView.top.colored.size15,
			gxFormatter: { nsClass:"PTTrackTimeFormatter" },
			gxFrameRect: "12,40,96,22",
			gxValueKeyPath: "node.fileTimeForDisplay",
			gxAnimateOnKey: "node.isRecording",
			gxHideOnNilValue: true
		},
		size: {
			+: LabelView.top.colored.size11,
			gxFormatter: { nsClass:"PTFileSizeFormatter" },
			gxFrameRect: "12,61,96,22",
			gxValueKeyPath: "node.fileSizeForDisplay",
			gxAnimateOnKey: "node.isRecording",
			gxHideOnNilValue: true
		},
		stopped: {
			+: LabelView.mid.size13,
			gxFrameRect: "12,49,96,22",
			gxValueKeyPath: "node.stoppedDisplay",
			gxHideOnNilValue: true
		},
		format: {
			+: LabelView.top.mid.size15,
			gxFrameRect: "15,40,90,42",
			gxValueKeyPath: "node.formatNameForDisplay",
			gxToolTipKeyPath: "node.format.briefDisplayDescription",
			gxHideOnNilValue: true,
			axIsIgnored: false,
			axDescription: "format"
		},
		details: {
			+: LabelView.top.mid.size11,
			gxFrameRect: "12,61,96,22",
			gxValueKeyPath: "node.formatDetailsForDisplay",
			gxHideOnNilValue: true,
			axIsIgnored: false,
			axDescription: "format details"
		},
		pause: {
			+: BlockButton,
			gxTitle: "Pause",
			gxValueKeyPath: "node.pauseButtonValue",
			gxFrameRect: "14,85,44,18",
			axCheckboxRole: true
		},
		split: {
			+: BlockButton,
			gxTitle: "Split",
			gxValueKeyPath: "node.splitButtonValue",
			gxFrameRect: "62,85,44,18"
		}
	}
},

// -------------------------------------------------
#pragma mark recorder token field

RecorderTokenField: {
	+: DarkTextField,
	gxDisableOnKey: "isActive",
	gxImageBaseName: "tokenfield",
	gxLineBreakMode: 0,	// word wrap, not default truncate tail.
	// menu of tokens as displayed to user
	gxMenuItems:
	[
		{	gxTitle: "Session Name",		gxValue: "%name" },
		{	gxTitle: "File Counter",		gxValue: "%counter" },
		{	gxTitle: "-" },
		{	gxTitle: "Date",				gxValue: "%date" },
		{	gxTitle: "Year",				gxValue: "%year" },
		{	gxTitle: "Month",			gxValue: "%month" },
		{	gxTitle: "Day",				gxValue: "%day" },
		{	gxTitle: "-" },
		{	gxTitle: "Time",				gxValue: "%time" },
		{	gxTitle: "Hour",				gxValue: "%hour" },
		{	gxTitle: "Minute",			gxValue: "%minute" },
		{	gxTitle: "Second",			gxValue: "%second" },
		{	gxTitle: "-" },
		{	gxTitle: "Title Tag",		gxValue: "%tag_title" },
		{	gxTitle: "Artist Tag",		gxValue: "%tag_artist" },
		{	gxTitle: "Album Tag",  		gxValue: "%tag_album" },
		{	gxTitle: "Genre Tag",  		gxValue: "%tag_genre" },
		{	gxTitle: "Comment Tag",		gxValue: "%tag_comment" },
		{	gxTitle: "Year Tag",			gxValue: "%tag_year" },
		{	gxTitle: "Track Tag",  		gxValue: "%tag_track" },
		{	gxTitle: "Track Count Tag",	gxValue: "%tag_trackcount" },
		{	gxTitle: "Disc Tag",			gxValue: "%tag_disc" },
		{	gxTitle: "Disc Count Tag",	gxValue: "%tag_disccount" }
	],
	// all allowable tokens, and the display names they use in cells
	gxTokenNames:
	{
		"%name":				"Session",
		"%counter":			"Counter",
		"%index":			"Counter",	// AHP used %index for %counter, we allow it
		"%date":				"Date",
		"%year":				"Year",
		"%month":			"Month",
		"%day":				"Day",
		"%time":				"Time",
		"%hour":				"Hour",
		"%minute":			"Minute",
		"%second":			"Second",
		"%tag_title":		"Title",
		"%tag_artist":		"Artist",
		"%tag_album":		"Album",
		"%tag_genre":		"Genre",
		"%tag_comment":		"Comment",
		"%tag_year":			"Year",
		"%tag_track":		"Track",
		"%tag_trackcount":	"Track Count",
		"%tag_disc":			"Disc",
		"%tag_disccount":	"Disc Count"
	}
},

TextTokenAttachment: {
	gxForePainter: TextTokenFg,
	gxBackPainter: TextTokenBg,
	gxTitleStyle: { +: TextFieldStyle, gxFontSize: 11 }
},

TextTokenFg: {
	+: BaseControlFg,
	gxFontSize: 11,
	gxAlignment: "{0.5, 0.5}",
	gxEdgeInsets: "2,2,2,0"
},
TextTokenFg_hilited: {
	+: TextTokenFg,
	gxFontColor: "name:whiteText"
},

TextTokenBg: {
	nsClass: GXRoundRectPainter,
	gxCornerRadius: 7,
	gxEdgeInsets: "1,1,1,0",
	gxFrameColor: "0, 0, 0, 0.1",
	gxFillColor: "name:blockLight"
},
TextTokenBg_hilited: {
	+: TextTokenBg,
	gxFillColor: "name:blockLight"
},

// -------------------------------------------------
#pragma mark recorder popover

RecorderPopover: {
	+: PopoverTemplate,
	gxTitle: "Recorder",
	gxLayout: [	"H:|-12-[self(420)]-12-|",
				"H:|-12-[pause]-10-[split(==pause)]-12-|&alignBaseline",
				"V:|-12-[self]-12-|",
				"V:|-39-[pause]-4-[mainList]-7-[presets]-12-|" ],
	gxChildViews:
	{
		title: PopoverTitle,
		onOff: PopoverOnOffSwitch,
		pause: {
			+: ButtonView,
			gxTitle: "Pause Recording",
			gxValueKeyPath: "node.pauseButtonValue",
			axCheckboxRole: true,
			gxIntrinsicHeight: 26
		},
		split: {
			+: ButtonView,
			gxTitle: "Split File",
			gxValueKeyPath: "node.splitButtonValue",
			gxIntrinsicHeight: 26
		},
		mainList: {
			nsClass: "GXListView",
			gxLayout: [ "H:|-12-[self]-12-|" ],
			axIsIgnored: true,
			gxChildViews:
			[
				{
					+: GroupListView,
					gxTitle: "File Settings",
					gxCollapsible: false,
					gxLayoutSubviews: false,
					gxLayout: [
						"H:|[self]|",
						"H:|-16-[nameLabel]-[name]-38-|&alignBaseline",
						"H:[directoryLabel]-[directory]&alignBaseline",
						"V:|-33-[name]-10-[directory]&alignLeft",
						"V:[directory]-10-[limitsSection]",
						"H:[directory]-[loupe(20)]-10-|",
						"V:[directory]-(-21)-[loupe(20)]"
					],
					gxChildViews:
					{
						name: {
							+: RecorderTokenField,
							gxValueKeyPath: "node.fileName",
							gxLabelText: "File name:"
						},
						directory: {
							+: PopupMenuTemplate,
							gxMenuItemsKeyPath: "node.folderMenuItems",
							gxValueKeyPath: "node.folderMenuSelectedPath",
							gxDisableOnKey: "isActive",
							gxLabelText: "Save to:"
						},
						loupe: {
							+: ButtonView,
							gxBackPainter: "ImagePainter.popover.loupe",
							gxValueKeyPath: "node.folderLoupeBtn",
							axTitle: "Folder Reveal"
						},
						limitsSection: {
							+: AdvancedGroupListView,
							gxValueKeyPath: "uiState.fileLimitsCollapsed",
							gxDefaultValue: true,
							gxLayoutSubviews: false,
							listBottomHeight: 20,
							axTitle: "File Limits",
							gxLayout: [
								"H:|[self]|",
								"H:|-15-[splitterCheck(155)]-6-[splitterValue(42)]-[splitterMenu]-58-|&alignBaseline",
								"H:|-15-[stopperCheck(155)]-6-[stopperValue(42)]-[stopperMenu]-58-|&alignBaseline",
								"H:|-15-[silenceCheck(20)]-3-[silenceMenu(129)]-[silenceMenuLabel]-[silenceTime(42)]-5-[silenceTimeLabel]&alignBaseline",
								"H:[silenceThresholdLabel]-[silenceThreshold]-6-[silenceReadout(32)]-20-|&alignBaseline",
								"V:[stopperValue]-(>=0)-[silenceThreshold]&alignLeft",
								"V:[silenceThresholdLabel(18)]",
								"V:|-27-[splitterCheck]-9-[stopperCheck]-9-[silenceCheck]-(0)-[silenceThreshold(41)]"
							],
							gxChildViews:
							{
								headerView: {
									+: AdvancedGroupButton,
									gxTitle: "File Limits",
									gxValueKeyPath: "uiState.fileLimitsCollapsed"
								},
								splitterCheck: {
									+: CheckboxTemplate,
									gxTitle: "  Start new file every:",
									gxValueKeyPath: "node.splitter.enabled",
									gxDisableOnKey: "isActive",
									axHelp: "Splits files automatically at a size or duration"
								},
								splitterValue: {
									+: DarkNumberField,
									gxNilWhenEmpty: false,
									gxRangeMax: 99999,	// model will limit
									gxValueKeyPath: "node.splitter.size",
									gxDisableOnKey: "node.splitterEditingDisabled",
									axTitle: "Split file value"
								},
								splitterMenu: {
									+: TimeOrSpacePopupMenu,
									gxValueKeyPath: "node.splitter.unitsKey",
									gxDisableOnKey: "node.splitterEditingDisabled",
									axTitle: "Split file units"
								},
								stopperCheck: {
									+: CheckboxTemplate,
									gxTitle: "  End recording after:",
									gxValueKeyPath: "node.stopper.enabled",
									gxDisableOnKey: "isActive",
									axHelp: "Stops recording automatically after a size or duration"
								},
								stopperValue: {
									+: DarkNumberField,
									gxNilWhenEmpty: false,
									gxRangeMax: 99999,	// model will limit
									gxValueKeyPath: "node.stopper.size",
									gxDisableOnKey: "node.stopperEditingDisabled",
									axTitle: "Stop recording value"
								},
								stopperMenu: {
									+: TimeOrSpacePopupMenu,
									gxValueKeyPath: "node.stopper.unitsKey",
									gxDisableOnKey: "node.stopperEditingDisabled",
									axTitle: "Stop recording units"
								},
								silenceCheck: {
									+: CheckboxTemplate,
									gxTitle: "",
									gxValueKeyPath: "node.silenceKiller.enabled",
									gxDisableOnKey: "isActive",
									axTitle: "Silence Monitor",
									axHelp: "Perform an automatic action on silence"
								},
								silenceMenu: {
									+: PopupMenuTemplate,
									gxHideOnNilValue:false,
									gxForePainter: SilencePopupFore,
									gxMenuItems:
									[
										{	gxTitle: "Remove silence",		gxValue: 1 },
										{	gxTitle: "Start new file",		gxValue: 2 },
										{	gxTitle: "End recording",		gxValue: 3 }
									 ],
									gxValueKeyPath: "node.silenceKiller.action",
									gxDisableOnKey: "node.silenceEditingDisabled",
									gxLabelText: "after:",
									axTitle: "Silence action"
								},
								silenceTime: {
									+: DarkNumberField,
									gxNilWhenEmpty: false,
									gxDecimalPlaces: 1,
									gxRangeMax: 99999,	// model will limit
									gxValueKeyPath: "node.silenceKiller.time",
									gxDisableOnKey: "node.silenceEditingDisabled",
									gxLabelText: "seconds of silence",
									axTitle: "Silence time"
								},
								silenceThreshold : {
									+: SliderView,
									gxValueKeyPath: "node.silenceKiller.threshold",
									gxDisableOnKey: "node.silenceEditingDisabled",
									gxRangeMin: -80,
									gxRangeMax: -10,
									gxDetents: "-60, -30",
									gxBaselineOffset: 16,
									gxDetentStrings: ["Digital", "Analog"],
									gxDetentLabelPainter: SliderDetentPainter,
									axFormatter: { nsClass: GXScaledFormatter, format: "% .0f dB" },
									gxLabelText: "Silence Threshold:",
									axTitle: "Silence Threshold Volume"
								},
								silenceReadout: {
									+: SliderValueLabel,
									gxFormatter: { nsClass: GXScaledFormatter, format: "% .0fdB" },
									gxValueKeyPath: "node.silenceKiller.threshold",
									gxIntrinsicHeight: 12
								}
							}
						}
					}
				},
				{
					+: GroupListView,
					gxTitle: "Recording Format",
					gxLayoutSubviews: false,
					gxLayout: [
						"H:|[self]|",
						"H:[presetFormatLabel]-[presetFormat]&alignBaseline",
						"H:|-72-[presetFormat]-38-|",
						"V:|-34-[presetFormat]-10-[advancedSection]"
					],
					gxChildViews: {
						presetFormat: { +: PresetFormatPopupMenu, gxLabelText: "Quality:" },
						description: {
							+: LabelView.right.darkest.size115,
							gxValueKeyPath: "node.format.briefDisplayDescription",
							gxLayout: [ "H:[self(250)]-17-|",
										"V:|-13-[self]" ]
						},
						advancedSection: {
							+: AdvancedGroupListView,
							gxValueKeyPath: "node.hideAdvancedFormat",
							axTitle: "Advanced Recording Options",
							gxLayout: "H:|[self]|",
							listBottomHeight: 11,
							listMinimumHeight: 25,
							gxChildViews:
							[
								// header view
								{
									+: AdvancedGroupButton,
									gxViewName: "headerView",
									gxTitle: "Advanced Recording Options",
									gxValueKeyPath: "node.hideAdvancedFormat"
								},
								// format type
								{	
									+: RecorderPopupMenu,
									gxValueKeyPath: "node.formatType",
									gxLayout: [ "H:[selfLabel]-[self]&alignBaseline", "H:[superview(380)]", "H:|-72-[self]-98-|", "V:|-6-[self]-1-|" ],
									gxMenuItemsKeyPath: "node.formatTypeMenuItems",
									gxDisableOnKey: "isActive",
									gxLabelText: "Format:"
								},
								// bits per sample
								{	
									+: RecorderPopupMenu,
									gxValueKeyPath: "node.__formatkey__bitsPerSample",
									gxMenuItemsKeyPath: "node.bitsPerSampleMenuItems",
									gxDisableOnKey: "isActive",
									gxLabelText: "Type:"
								},
								// bit rate
								{
									+: RecorderPopupMenu,
									gxValueKeyPath: "node.__formatkey__bitrate",
									gxMenuItemsKeyPath: "node.bitrateMenuItems",
									gxDisableOnKey: "isActive",
									gxLabelText: "Bit Rate:"
								},
								// bit rate mode
								{	
									+: RecorderPopupMenu,
									gxValueKeyPath: "node.__formatkey__bitrateMode",
									gxMenuItemsKeyPath: "node.bitrateModeMenuItems",
									gxDisableOnKey: "isActive",
									gxLabelText: "Bit Rate Mode:"
								},
								// sample rate
								{	
									+: RecorderPopupMenu,
									gxValueKeyPath: "node.__formatkey__samplerate",
									gxMenuItemsKeyPath: "node.sampleRateMenuItems",
									gxDisableOnKey: "isActive",
									gxLabelText: "Sample Rate:"
								},
								// channels
								{	
									+: RecorderPopupMenu,
									gxValueKeyPath: "node.__formatkey__channels",
									gxMenuItemsKeyPath: "node.channelsMenuItems",
									gxDisableOnKey: "isActive",
									gxLabelText: "Channels:"
								},
								// m4a vs mp4 file format
								{	
									+: RecorderPopupMenu,
									gxValueKeyPath: "node.fragmentedEnabled",
									gxMenuItems: [
											{	gxTitle: ".mp4 (Safer recording)",		gxValue: 1 },
											{	gxTitle: ".m4a (More compatible)",		gxValue: 0 },
										 ],
									gxDisableOnKey: "isActive",
									gxLabelText: "Container:"
								},
								// he aac checkbox
								{
									+: CheckboxTemplate,
									gxValueKeyPath: "node.HEAACEnabled",
									gxDisableOnKey: "node.disableHEAACCheckBox",
									gxHideOnNilValue: true,
									gxTitle: "Use High Efficiency (HE-AAC)",
									gxEnclosureRect: "0,0,380,28",
									gxLayout: [ "H:|-123-[self(218)]",
												"H:[superview(380)]",
												"V:|-5-[self]-1-|" ]
								}
							]
						}
					}
				},
				{
					+: GroupListView,
					gxTitle: "Tags",
					gxLayoutSubviews: false,
					gxLayout: [
						"H:|[self]|",
						"H:[titleLabel]-[title]&alignBaseline",
						"H:|-20-[artistLabel]-[artist]&alignBaseline",
						"H:[artist]-9-[albumArt]",
						"H:[title]-9-[albumArt(95)]",
						"H:|-18-[comment]-9-[albumArt(95)]-13-|",
						"V:|-33-[title]-9-[artist]&alignLeft",
						"V:|-33-[albumArt(97)]",
						"V:[artist]-9-[comment(37)]-12-[moreTagsSection]"
					],
					gxChildViews: {
						title: {
							+: RecorderTokenField,
							gxValueKeyPath: "node.tags.title",
							gxExcludeToken: "%tag_title",
							gxLabelText: "Title:"
						},
						artist: {
							+: RecorderTokenField,
							gxValueKeyPath: "node.tags.artist",
							gxExcludeToken: "%tag_artist",
							gxLabelText: "Artist:"
						},
						comment: {
							+: RecorderTokenField,
							gxIsSingleLine: false,
							gxPlaceholderString: "Comments",
							gxValueKeyPath: "node.tags.comment",
							gxExcludeToken: "%tag_comment",
							axTitle: "Comments"
						},
						albumArt: {
							+: BaseArtView,
							gxDisableOnKey: "isActive",
							gxValueKeyPath: "node.tags.albumArt"
						},
						moreTagsSection: {
							+: AdvancedGroupListView,
							gxValueKeyPath: "uiState.moreTagsCollapsed",
							gxDefaultValue: true,
							axTitle: "Additional Tags",
							gxLayoutSubviews: false,
							axTitle: "Additional Tags",
							gxLayout: [
								"H:|[self]|",
								"V:[self(>=25)]",
								"H:|-11-[albumLabel]-[album]-13-|&alignBaseline",
								"H:[trackLabel]-[track(34)]-[trackCountLabel]-[trackCount(34)]&alignBaseline",
								"H:[yearLabel]-[year(44)]-13-[compilation(102)]-11-|&alignBaseline",
								"V:[year]-9-[genre]&alignLeft",
								"H:[discLabel]-[disc(34)]-[discCountLabel]-[discCount(34)]-[genreLabel]-[genre]-13-|&alignBaseline",
								"V:|-29-[album]-9-[track]-9-[disc]&alignLeft" ],
							gxChildViews:
							{
								headerView: {
									+: AdvancedGroupButton,
									gxTitle: "Additional Tags",
									gxValueKeyPath: "uiState.moreTagsCollapsed"
								},
								album: {
									+: RecorderTokenField,
									gxValueKeyPath: "node.tags.album",
									gxExcludeToken: "%tag_album",
									gxLabelText: "Album:"
								},
								year: {
									+: DarkNumberField,
									gxRangeMax: 9999,
									gxValueKeyPath: "node.tags.year",
									gxDisableOnKey: "isActive",
									gxLabelText: "Year:"
								},
								track: {
									+: DarkNumberField,
									gxValueKeyPath: "node.tags.track",
									gxDisableOnKey: "isActive",
									gxLabelText: "Track:"
								},
								trackCount: {
									+: DarkNumberField,
									gxValueKeyPath: "node.tags.trackCount",
									gxDisableOnKey: "isActive",
									gxLabelText: "of:",
									axTitle: "Track Count"
								},
								genre: {
									+: GenrePopupMenu,
									gxValueKeyPath: "node.tags.genre",
									gxDisableOnKey: "isActive",
									gxLabelText: "Genre:"
								},
								disc: {
									+: DarkNumberField,
									gxValueKeyPath: "node.tags.disc",
									gxDisableOnKey: "isActive",
									gxLabelText: "Disc:"
								},
								discCount: {
									+: DarkNumberField,
									gxValueKeyPath: "node.tags.discCount",
									gxDisableOnKey: "isActive",
									gxLabelText: "of:",
									axTitle: "Disc Count"
								},
								compilation: {
									+: CheckboxTemplate,
									gxValueKeyPath: "node.tags.partOfCompilation",
									gxDisableOnKey: "isActive",
									gxTitle: "Compilation"
								}
							}
						}
					}
				}
			]
		},
		presets: {
			+: PresetsPopupMenu,
			gxDisableOnKey: "isActive",
			presetsKey: "RecorderPresets"
		}
	}
},

// -------------------------------------------------
#pragma mark recorder bits

SilencePopupFore: {
	+: PopupFore,
	gxEdgeInsets: "8,0,2,0"
},

DarkNumberField: {
	+: DarkTextField,
	gxDecimalPlaces: 0,
	gxRangeMax: 999,
	gxNilWhenEmpty: true,	// be cautious of this. KVC to numeric property (rather than NSNumber) is bad.
	gxDisableOnNil: false
},

RecorderPopupMenu: {
	+: PopupMenuTemplate,
	gxEnclosureRect: "0,0,380,28",
	gxViewName: "popup",  // for auto layout to use as a name menu and its label
	gxLayout: [ "H:[selfLabel]-[self]&alignBaseline",
				"H:[superview(380)]",
				"H:|-130-[self]-42-|",
				"V:|-6-[self]-1-|" ]
},

TimeOrSpacePopupMenu:
{
	+: PopupMenuTemplate,
	gxHideOnNilValue: false,
	gxMenuItems:
	[
		{	gxTitle: "Minutes",		gxValue: "time*60" },
		{	gxTitle: "Hours",			gxValue: "time*3600" },
		{	gxTitle: "-" },
		{	gxTitle: "Megabytes",		gxValue: "space*1" },
		{	gxTitle: "Gigabytes",		gxValue: "space*1024" }
	]
},

PresetFormatPopupMenu:
{
	+: PopupMenuTemplate,
	gxValueKeyPath: "node.presetFormatID",
	gxDisableOnKey: "isActive",
	gxMenuItems:
	[
		{	gxTitle: "-For personal use" },
		{	gxTitle: ">Regular quality AAC",			gxValue: "AAC_128" },
		{	gxTitle: ">High quality AAC",				gxValue: "AAC_256" },
		{	gxTitle: "-For Internet distribution" },
		{	gxTitle: ">Regular quality MP3",			gxValue: "MP3_128" },
		{	gxTitle: ">High quality MP3",				gxValue: "MP3_256" },
		{	gxTitle: "-Perfect Quality" },
		{	gxTitle: ">Compressed Apple Lossless",	gxValue: "ALAC" },
		{	gxTitle: ">Uncompressed AIFF",			gxValue: "AIFF" },
		{	gxTitle: "-" },
		{	gxTitle: "Custom...",						gxValue: "" }
	]
},

GenrePopupMenu: {
	+: PopupMenuTemplate,
	gxHideOnNilValue: false,
	gxDisableOnNil: false,
	gxMenuItems:
	[
		{	gxTitle: "<None>", 				gxValue: null },		// null becomes NSNull in the menu then nil in the model
		{	gxTitle: "-" },
		{	gxTitle: "Alternative",		gxValue: "Alternative" },
		{	gxTitle: "Blues/R&B",			gxValue: "Blues/R&B" },
		{	gxTitle: "Books & Spoken",	gxValue: "Books & Spoken" },
		{	gxTitle: "Children's Music",	gxValue: "Children's Music" },
		{	gxTitle: "Classical",			gxValue: "Classical" },
		{	gxTitle: "Country",			gxValue: "Country" },
		{	gxTitle: "Dance",				gxValue: "Dance" },
		{	gxTitle: "Easy Listening",	gxValue: "Easy Listening" },
		{	gxTitle: "Electronic",		gxValue: "Electronic" },
		{	gxTitle: "Folk",				gxValue: "Folk" },
		{	gxTitle: "Hip-Hop/Rap",		gxValue: "Hip-Hop/Rap" },
		{	gxTitle: "Holiday",			gxValue: "Holiday" },
		{	gxTitle: "House",				gxValue: "House" },
		{	gxTitle: "Industrial",		gxValue: "Industrial" },
		{	gxTitle: "Jazz",				gxValue: "Jazz" },
		{	gxTitle: "New Age",			gxValue: "New Age" },
		{	gxTitle: "Pop",				gxValue: "Pop" },
		{	gxTitle: "Religious",			gxValue: "Religious" },
		{	gxTitle: "Rock",				gxValue: "Rock" },
		{	gxTitle: "Soundtrack",		gxValue: "Soundtrack" },
		{	gxTitle: "Techno",			gxValue: "Techno" },
		{	gxTitle: "Trance",			gxValue: "Trance" },
		{	gxTitle: "Unclassifiable",	gxValue: "Unclassifiable" },
		{	gxTitle: "World",				gxValue: "World" }
	]
},

// -------------------------------------------------
#pragma mark recorder presets

RecorderPresets: {
	nsClass: GEPresetsGroup,
	gxTitle: "Recorder Presets",
	gxPresetValueKeys: [ "node.folderPathWithTilde", "node.fileName",
						"node.splitter.enabled", "node.splitter.size", "node.splitter.unitsKey",
						"node.stopper.enabled", "node.stopper.size", "node.stopper.unitsKey",
						"node.silenceKiller.enabled", "node.silenceKiller.action",
						"node.silenceKiller.time", "node.silenceKiller.threshold",
						"node.formatType", "node.presetFormatID",
						"node.__formatkey__bitsPerSample", "node.__formatkey__bitrate",  "node.__formatkey__bitrateMode",
						"node.__formatkey__samplerate", "node.__formatkey__channels",
						"node.HEAACEnabled", "node.fragmentedEnabled",
						"node.tags.title", "node.tags.artist", "node.tags.comment",
						"node.tags.albumArtData", "node.tags.album", "node.tags.year",
						"node.tags.track", "node.tags.trackCount", "node.tags.genre",
						"node.tags.disc", "node.tags.discCount", "node.tags.partOfCompilation" ],
	gxDefaultPresetValues: { "node.silenceKiller.enabled": false,
							"node.silenceKiller.action": 1,	// kill silence
							"node.silenceKiller.time": 2,
							"node.silenceKiller.threshold": -60,
							"node.HEAACEnabled": false,
							"node.fragmentedEnabled": true },
	gxPresets: [ ]
}


}
